{"options":{"check_for_updates":true,"comment":null,"compat_foreach":false,"compat_metadata":false,"compat_powerful_this":null,"compat_prototypes":false,"compat_wrappedjsobject":false,"compatopts_for_requires":true,"noframes":null,"override":{"merge_connects":true,"merge_excludes":true,"merge_includes":true,"merge_matches":true,"orig_connects":[],"orig_excludes":[],"orig_includes":["/^https?:\\/\\/((bangumi|bgm)\\.tv|chii.in)\\/subject\\/\\d+$/"],"orig_matches":[],"orig_noframes":null,"orig_run_at":"document-body","use_blockers":[],"use_connects":[],"use_excludes":[],"use_includes":[],"use_matches":[]},"run_at":null,"tab_types":null,"unwrap":null},"settings":{"enabled":true,"position":17},"meta":{"name":"Bangumi 国内放送站点链接","uuid":"b61af0b9-f0ca-4240-883c-e517f53ed532","modified":1650011986830,"file_url":"https://github.com/bangumi/scripts/raw/master/imorz/bangumi-bgmlist.user.js"}}