{"options":{"check_for_updates":true,"comment":null,"compat_foreach":false,"compat_metadata":false,"compat_powerful_this":null,"compat_prototypes":false,"compat_wrappedjsobject":false,"compatopts_for_requires":true,"noframes":null,"override":{"merge_connects":true,"merge_excludes":true,"merge_includes":true,"merge_matches":true,"orig_connects":[],"orig_excludes":[],"orig_includes":["/https?:\\/\\/(bgm\\.tv|bangumi\\.tv|chii\\.in)\\/$/"],"orig_matches":[],"orig_noframes":null,"orig_run_at":"document-idle","use_blockers":[],"use_connects":[],"use_excludes":[],"use_includes":[],"use_matches":[]},"run_at":null,"tab_types":null,"unwrap":null},"settings":{"enabled":true,"position":13},"meta":{"name":"bangumi 点格子上方的分类按钮生效","uuid":"333f6d83-19aa-4484-90c9-9c4edf6c9689","modified":1649927514834,"file_url":"https://greasyfork.org/scripts/392858-bangumi-%E7%82%B9%E6%A0%BC%E5%AD%90%E4%B8%8A%E6%96%B9%E7%9A%84%E5%88%86%E7%B1%BB%E6%8C%89%E9%92%AE%E7%94%9F%E6%95%88/code/bangumi%20%E7%82%B9%E6%A0%BC%E5%AD%90%E4%B8%8A%E6%96%B9%E7%9A%84%E5%88%86%E7%B1%BB%E6%8C%89%E9%92%AE%E7%94%9F%E6%95%88.user.js"}}