{"options":{"check_for_updates":true,"comment":null,"compat_foreach":false,"compat_metadata":false,"compat_powerful_this":null,"compat_prototypes":false,"compat_wrappedjsobject":false,"compatopts_for_requires":true,"noframes":null,"override":{"merge_connects":true,"merge_excludes":true,"merge_includes":true,"merge_matches":true,"orig_connects":[],"orig_excludes":[],"orig_includes":["/^https?://(bangumi\\.tv|bgm\\.tv|chii\\.in)\\/\\S+\\/list\\/\\S+\\/(wish|collect|do|on_hold|dropped).*"],"orig_matches":[],"orig_noframes":null,"orig_run_at":"document-idle","use_blockers":[],"use_connects":[],"use_excludes":[],"use_includes":[],"use_matches":[]},"run_at":null,"tab_types":null,"unwrap":null},"settings":{"enabled":true,"position":18},"meta":{"name":"Bangumi简易修改收藏条目","uuid":"4bd3adcf-e7e5-48cc-8348-4fc4f526534c","modified":1650112781277,"file_url":"https://greasyfork.org/scripts/442358-bangumi%E7%AE%80%E6%98%93%E4%BF%AE%E6%94%B9%E6%94%B6%E8%97%8F%E6%9D%A1%E7%9B%AE/code/Bangumi%E7%AE%80%E6%98%93%E4%BF%AE%E6%94%B9%E6%94%B6%E8%97%8F%E6%9D%A1%E7%9B%AE.user.js"}}