{"options":{"check_for_updates":true,"comment":null,"compat_foreach":false,"compat_metadata":false,"compat_powerful_this":null,"compat_prototypes":false,"compat_wrappedjsobject":false,"compatopts_for_requires":true,"noframes":null,"override":{"merge_connects":true,"merge_excludes":true,"merge_includes":true,"merge_matches":true,"orig_connects":[],"orig_excludes":[],"orig_includes":["/^https?:\\/\\/(bgm\\.tv|chii\\.in|bangumi\\.tv)\\/(character|person)\\/\\d+(\\/(collections|works(\\/voice)?))?$/"],"orig_matches":[],"orig_noframes":null,"orig_run_at":"document-idle","use_blockers":[],"use_connects":[],"use_excludes":[],"use_includes":[],"use_matches":[]},"run_at":null,"tab_types":null,"unwrap":null},"settings":{"enabled":true,"position":15},"meta":{"name":"Bangumi 人物名日文汉字标音","uuid":"9a509515-f909-4d46-9520-5925cf40c250","modified":1649936086351,"file_url":"https://github.com/bangumi/scripts/raw/master/prevails/jp_name_kanji_pronunciation.user.js"}}