{"options":{"check_for_updates":false,"comment":null,"compat_foreach":false,"compat_metadata":false,"compat_powerful_this":null,"compat_prototypes":false,"compat_wrappedjsobject":false,"compatopts_for_requires":true,"noframes":null,"override":{"merge_connects":true,"merge_excludes":true,"merge_includes":true,"merge_matches":true,"orig_connects":[],"orig_excludes":[],"orig_includes":["*://bangumi.tv/*","*://bgm.tv/*","*://chii.in/*"],"orig_matches":[],"orig_noframes":null,"orig_run_at":"document-start","use_blockers":[],"use_connects":[],"use_excludes":[],"use_includes":[],"use_matches":[]},"run_at":null,"tab_types":null,"unwrap":null},"settings":{"enabled":true,"position":12},"meta":{"name":"Bangumi动画搜索 跳转AniDB/MyAnimeList/ANN/TMDB和动漫花园等BT站/在线播放站一键跳转 2020年6月13日","uuid":"7d59b83f-cb7a-41a9-8066-b7a2bbf46418","modified":1650038121853,"file_url":"https://greasyfork.org/scripts/405283-bangumi%E5%8A%A8%E7%94%BB%E6%90%9C%E7%B4%A2-%E8%B7%B3%E8%BD%ACanidb-myanimelist-ann-tmdb%E5%92%8C%E5%8A%A8%E6%BC%AB%E8%8A%B1%E5%9B%AD%E7%AD%89bt%E7%AB%99-%E5%9C%A8%E7%BA%BF%E6%92%AD%E6%94%BE%E7%AB%99%E4%B8%80%E9%94%AE%E8%B7%B3%E8%BD%AC-2020%E5%B9%B46%E6%9C%8813%E6%97%A5/code/Bangumi%E5%8A%A8%E7%94%BB%E6%90%9C%E7%B4%A2%20%E8%B7%B3%E8%BD%ACAniDBMyAnimeListANNTMDB%E5%92%8C%E5%8A%A8%E6%BC%AB%E8%8A%B1%E5%9B%AD%E7%AD%89BT%E7%AB%99%E5%9C%A8%E7%BA%BF%E6%92%AD%E6%94%BE%E7%AB%99%E4%B8%80%E9%94%AE%E8%B7%B3%E8%BD%AC%202020%E5%B9%B46%E6%9C%8813%E6%97%A5.user.js"}}