{"options":{"check_for_updates":true,"comment":null,"compat_foreach":false,"compat_metadata":false,"compat_powerful_this":null,"compat_prototypes":false,"compat_wrappedjsobject":false,"compatopts_for_requires":true,"noframes":null,"override":{"merge_connects":true,"merge_excludes":true,"merge_includes":true,"merge_matches":true,"orig_connects":[],"orig_excludes":[],"orig_includes":["*://bgm.tv/*","*://*.bgm.tv/*","*://chii.in/*","*://*.chii.in/*","*://bangumi.tv/*","*://*.bangumi.tv/*"],"orig_matches":[],"orig_noframes":null,"orig_run_at":"document-start","use_blockers":[],"use_connects":[],"use_excludes":[],"use_includes":[],"use_matches":[]},"run_at":null,"tab_types":null,"unwrap":null},"settings":{"enabled":true,"position":14},"meta":{"name":"Bangumi Domain Redirector","uuid":"cf68cc1d-e404-4726-af4e-192a050144b9","modified":1649928652750,"file_url":"https://greasyfork.org/scripts/38691-bangumi-domain-redirector/code/Bangumi%20Domain%20Redirector.user.js"}}