{"options":{"check_for_updates":true,"comment":null,"compat_foreach":false,"compat_metadata":false,"compat_powerful_this":null,"compat_prototypes":false,"compat_wrappedjsobject":false,"compatopts_for_requires":true,"noframes":null,"override":{"merge_connects":true,"merge_excludes":true,"merge_includes":true,"merge_matches":true,"orig_connects":[],"orig_excludes":[],"orig_includes":[],"orig_matches":["http*://bgm.tv/*","http*://bangumi.tv/*","http*://chii.in/*"],"orig_noframes":null,"orig_run_at":"document-start","use_blockers":[],"use_connects":[],"use_excludes":[],"use_includes":[],"use_matches":[]},"run_at":null,"tab_types":null,"unwrap":null},"settings":{"enabled":true,"position":10},"meta":{"name":"Bangumi/bgm.tv 每日番剧放送 (仿B站番剧时间表)","uuid":"31d1f8b1-ba7c-4f14-b03e-2b508ee0975a","modified":1649870792197,"file_url":"https://greasyfork.org:4002/scripts/425196-bangumi-bgm-tv-%E6%AF%8F%E6%97%A5%E7%95%AA%E5%89%A7%E6%94%BE%E9%80%81-%E4%BB%BFb%E7%AB%99%E7%95%AA%E5%89%A7%E6%97%B6%E9%97%B4%E8%A1%A8/code/Bangumibgmtv%20%E6%AF%8F%E6%97%A5%E7%95%AA%E5%89%A7%E6%94%BE%E9%80%81%20(%E4%BB%BFB%E7%AB%99%E7%95%AA%E5%89%A7%E6%97%B6%E9%97%B4%E8%A1%A8).user.js"}}