{"ts":1650525107553,"data":{"autoFreshCount":"n1.2","biliAppHomeKey":"s37690ea570636eb66a0257ea72e2f161","boxHeight":"n3","forceWidth":"bfalse","historyLimit":"n20","historyRecommend":"s[{\"title\":\"三连：走开！我不要男妈妈(｀・ω・´)\",\"cover\":\"https://i1.hdslb.com/bfs/archive/a3b6e37faf236347e36379a7246775ec5e7becff.jpg\",\"uri\":\"bilibili://video/640649175\",\"param\":\"640649175\",\"goto\":\"av\",\"desc\":\"1144弹幕\",\"play\":1762577,\"danmaku\":1144,\"reply\":871,\"favorite\":10175,\"coin\":1705,\"share\":2698,\"like\":91198,\"duration\":76,\"idx\":1650525070,\"cid\":576547104,\"tid\":221,\"tname\":\"野生动物\",\"tag\":{\"tag_id\":652819,\"tag_name\":\"猛兽\",\"count\":{\"atten\":259}},\"dislike_reasons\":[{\"reason_id\":4,\"reason_name\":\"UP主:中国大猫频道\"},{\"reason_id\":2,\"reason_name\":\"分区:野生动物\"},{\"reason_id\":3,\"reason_name\":\"标签:猛兽\"},{\"reason_id\":1,\"reason_name\":\"不感兴趣\"}],\"ctime\":1650014951,\"autoplay\":1,\"mid\":690613915,\"name\":\"中国大猫频道\",\"face\":\"http://i1.hdslb.com/bfs/face/2c0a75b404de134664248a6afbd4bc70325b3f0a.jpg\",\"official\":{\"role\":1,\"title\":\"bilibili 知名UP主\"},\"autoplay_card\":2},{\"title\":\"大家好，我是斓曦，来B站和我一起互动啊！\",\"cover\":\"https://i0.hdslb.com/bfs/archive/fda8243d0a170fcdfd0299c92a819a2601df6eab.jpg\",\"uri\":\"bilibili://video/595756132\",\"param\":\"595756132\",\"goto\":\"av\",\"desc\":\"1288弹幕\",\"play\":348035,\"danmaku\":1288,\"reply\":3253,\"favorite\":2411,\"coin\":8648,\"share\":1595,\"like\":37422,\"duration\":92,\"idx\":1650525069,\"cid\":580695873,\"tid\":137,\"tname\":\"明星综合\",\"tag\":{\"tag_id\":5761,\"tag_name\":\"明星\",\"count\":{\"atten\":119977}},\"dislike_reasons\":[{\"reason_id\":4,\"reason_name\":\"UP主:演员斓曦\"},{\"reason_id\":2,\"reason_name\":\"分区:明星综合\"},{\"reason_id\":3,\"reason_name\":\"标签:明星\"},{\"reason_id\":1,\"reason_name\":\"不感兴趣\"}],\"ctime\":1650444718,\"autoplay\":1,\"mid\":2104447392,\"name\":\"演员斓曦\",\"face\":\"http://i0.hdslb.com/bfs/face/3123c4bbba5a68399576ffed75a939dcdb991eaa.jpg\",\"official\":{\"role\":2,\"title\":\"演员\"}},{\"title\":\"“人生本该自由，乘兴而去，尽兴而归”\",\"cover\":\"https://i2.hdslb.com/bfs/archive/cc3d2cfce0093d77644803326db65b499a0009f9.jpg\",\"uri\":\"bilibili://video/468352284\",\"param\":\"468352284\",\"goto\":\"av\",\"desc\":\"2541弹幕\",\"play\":1417648,\"danmaku\":2541,\"reply\":2424,\"favorite\":61261,\"coin\":53316,\"share\":20703,\"like\":96681,\"duration\":247,\"idx\":1650525068,\"cid\":578036769,\"tid\":21,\"tname\":\"日常\",\"tag\":{\"tag_id\":1742,\"tag_name\":\"生活\",\"count\":{\"atten\":202339}},\"dislike_reasons\":[{\"reason_id\":4,\"reason_name\":\"UP主:知三冬\"},{\"reason_id\":2,\"reason_name\":\"分区:日常\"},{\"reason_id\":3,\"reason_name\":\"标签:生活\"},{\"reason_id\":1,\"reason_name\":\"不感兴趣\"}],\"ctime\":1650168956,\"autoplay\":1,\"mid\":82571698,\"name\":\"知三冬\",\"face\":\"http://i1.hdslb.com/bfs/face/c77c55994951fbf3be2f3ba19ac5852f4ec0fc4e.jpg\"},{\"title\":\"派对浪客Rick Astley\",\"cover\":\"https://i2.hdslb.com/bfs/archive/b1638ddffebf659badd1ea5ef8b6214f0490d1b4.jpg\",\"uri\":\"bilibili://video/638277875\",\"param\":\"638277875\",\"goto\":\"av\",\"desc\":\"421弹幕\",\"play\":280461,\"danmaku\":421,\"reply\":629,\"favorite\":10577,\"coin\":17395,\"share\":3466,\"like\":28500,\"duration\":91,\"idx\":1650525067,\"cid\":578568926,\"tid\":126,\"tname\":\"人力VOCALOID\",\"tag\":{\"tag_id\":68,\"tag_name\":\"鬼畜\",\"count\":{\"atten\":2283080}},\"dislike_reasons\":[{\"reason_id\":4,\"reason_name\":\"UP主:那是我的台词\"},{\"reason_id\":2,\"reason_name\":\"分区:人力VOCALOID\"},{\"reason_id\":3,\"reason_name\":\"标签:鬼畜\"},{\"reason_id\":1,\"reason_name\":\"不感兴趣\"}],\"ctime\":1650205374,\"autoplay\":1,\"mid\":33955843,\"name\":\"那是我的台词\",\"face\":\"http://i1.hdslb.com/bfs/face/153303df27f83a4fc85827569d93c0a56bf67a9d.jpg\"},{\"title\":\"神 里 P V 录 制 事 故\",\"cover\":\"https://i0.hdslb.com/bfs/archive/97b497e99db5a9d425a403ed67f13f29029665f4.jpg\",\"uri\":\"bilibili://video/810838402\",\"param\":\"810838402\",\"goto\":\"av\",\"desc\":\"961弹幕\",\"play\":857400,\"danmaku\":961,\"reply\":1061,\"favorite\":15024,\"coin\":12141,\"share\":14159,\"like\":67136,\"duration\":159,\"idx\":1650525066,\"cid\":579151153,\"tid\":172,\"tname\":\"手机游戏\",\"tag\":{\"tag_id\":3007,\"tag_name\":\"手机游戏\",\"count\":{\"atten\":175975}},\"dislike_reasons\":[{\"reason_id\":4,\"reason_name\":\"UP主:无量塔-姫子\"},{\"reason_id\":2,\"reason_name\":\"分区:手机游戏\"},{\"reason_id\":3,\"reason_name\":\"标签:手机游戏\"},{\"reason_id\":1,\"reason_name\":\"不感兴趣\"}],\"ctime\":1650274747,\"autoplay\":1,\"mid\":321048269,\"name\":\"无量塔-姫子\",\"face\":\"http://i2.hdslb.com/bfs/face/1c3407a792555bd47e6cc9a924e8be3c273352f7.jpg\",\"official\":{\"role\":1,\"title\":\"bilibili 知名游戏UP主\"}},{\"title\":\"网 课 现 状\",\"cover\":\"https://i2.hdslb.com/bfs/archive/0322bbe1a5dfab2ac6aaec22c98cc52d5e9a276d.jpg\",\"uri\":\"bilibili://video/383331044\",\"param\":\"383331044\",\"goto\":\"av\",\"desc\":\"466弹幕\",\"play\":392626,\"danmaku\":466,\"reply\":628,\"favorite\":2124,\"coin\":2680,\"share\":1087,\"like\":33496,\"duration\":186,\"idx\":1650525065,\"cid\":580740715,\"tid\":65,\"tname\":\"网络游戏\",\"tag\":{\"tag_id\":463,\"tag_name\":\"数学\",\"count\":{\"atten\":279683}},\"dislike_reasons\":[{\"reason_id\":4,\"reason_name\":\"UP主:锤子game\"},{\"reason_id\":2,\"reason_name\":\"分区:网络游戏\"},{\"reason_id\":3,\"reason_name\":\"标签:数学\"},{\"reason_id\":1,\"reason_name\":\"不感兴趣\"}],\"ctime\":1650449137,\"autoplay\":1,\"mid\":495695169,\"name\":\"锤子game\",\"face\":\"http://i0.hdslb.com/bfs/face/009b1f74b7f495f5fad13b9b922f89ba03a0d775.jpg\",\"official\":{\"role\":1,\"title\":\"bilibili 知名游戏UP主\"}},{\"title\":\"礼花弹专辑，每一颗都让人流连忘返\",\"cover\":\"https://i2.hdslb.com/bfs/archive/dc693a51b9e5ec4b26281960cb107c91be4ab463.jpg\",\"uri\":\"bilibili://video/340837047\",\"param\":\"340837047\",\"goto\":\"av\",\"desc\":\"393弹幕\",\"play\":41471,\"danmaku\":393,\"reply\":220,\"favorite\":1036,\"coin\":1864,\"share\":497,\"like\":5846,\"duration\":358,\"idx\":1650525064,\"cid\":581021119,\"tid\":21,\"tname\":\"日常\",\"tag\":{\"tag_id\":8358,\"tag_name\":\"烟花\",\"count\":{\"atten\":1789}},\"dislike_reasons\":[{\"reason_id\":4,\"reason_name\":\"UP主:烟花之乡云哥\"},{\"reason_id\":2,\"reason_name\":\"分区:日常\"},{\"reason_id\":3,\"reason_name\":\"标签:烟花\"},{\"reason_id\":1,\"reason_name\":\"不感兴趣\"}],\"ctime\":1650470209,\"autoplay\":1,\"mid\":628365977,\"name\":\"烟花之乡云哥\",\"face\":\"http://i2.hdslb.com/bfs/face/3c8c486dcc4b50241d4d3f286357d7a003bde6d5.jpg\",\"official\":{\"role\":1,\"title\":\"bilibili 知名UP主\"}},{\"title\":\"一口气看完，如懿传1-87集！兰因絮果！花开花落\",\"cover\":\"https://i2.hdslb.com/bfs/archive/30006eea8104394ba110acf7b2cbdb31ebc7e599.png\",\"uri\":\"bilibili://video/640989968\",\"param\":\"640989968\",\"goto\":\"av\",\"desc\":\"1143弹幕\",\"play\":29605,\"danmaku\":1143,\"reply\":215,\"favorite\":914,\"coin\":2000,\"share\":134,\"like\":3687,\"duration\":9973,\"idx\":1650525063,\"cid\":581235802,\"tid\":182,\"tname\":\"影视杂谈\",\"tag\":{\"tag_id\":1296,\"tag_name\":\"经典\",\"count\":{\"atten\":234222}},\"dislike_reasons\":[{\"reason_id\":4,\"reason_name\":\"UP主:芙芙家的洗碗君\"},{\"reason_id\":2,\"reason_name\":\"分区:影视杂谈\"},{\"reason_id\":3,\"reason_name\":\"标签:经典\"},{\"reason_id\":1,\"reason_name\":\"不感兴趣\"}],\"ctime\":1650513827,\"autoplay\":1,\"mid\":4925207,\"name\":\"芙芙家的洗碗君\",\"face\":\"http://i2.hdslb.com/bfs/face/6e79ced93539fd60c3f146a6c8a5df23fd16c60e.jpg\",\"official\":{\"role\":1,\"title\":\"bilibili 知名动漫UP主\"}},{\"title\":\"在雨中给大学老师车上画个祢豆子会怎样\",\"cover\":\"https://i0.hdslb.com/bfs/archive/5baac617909d70d6a316a42bd2bccf3d12856499.jpg\",\"uri\":\"bilibili://video/725660400\",\"param\":\"725660400\",\"goto\":\"av\",\"desc\":\"397弹幕\",\"play\":3120928,\"danmaku\":397,\"reply\":709,\"favorite\":11722,\"coin\":562,\"share\":393,\"like\":156541,\"duration\":49,\"idx\":1650525062,\"cid\":575733481,\"tid\":162,\"tname\":\"绘画\",\"tag\":{\"tag_id\":13760,\"tag_name\":\"汽车\",\"count\":{\"atten\":527206}},\"dislike_reasons\":[{\"reason_id\":4,\"reason_name\":\"UP主:潮绘师王大呀\"},{\"reason_id\":2,\"reason_name\":\"分区:绘画\"},{\"reason_id\":3,\"reason_name\":\"标签:汽车\"},{\"reason_id\":1,\"reason_name\":\"不感兴趣\"}],\"ctime\":1649929582,\"autoplay\":1,\"mid\":524314277,\"name\":\"潮绘师王大呀\",\"face\":\"http://i2.hdslb.com/bfs/face/430ee36f9159f6aa63c163f4c65c40496ddede46.jpg\",\"official\":{\"role\":2,\"title\":\"绘画UP主\"}},{\"title\":\"⚡听我说炸S你⚡\",\"cover\":\"https://i2.hdslb.com/bfs/archive/0f3181b1f987d8ebfe13d4e1622153eb5de576dd.jpg\",\"uri\":\"bilibili://video/298163511\",\"param\":\"298163511\",\"goto\":\"av\",\"desc\":\"2183弹幕\",\"play\":712509,\"danmaku\":2183,\"reply\":1071,\"favorite\":20643,\"coin\":17134,\"share\":10765,\"like\":55596,\"duration\":122,\"idx\":1650525061,\"cid\":577414341,\"tid\":126,\"tname\":\"人力VOCALOID\",\"tag\":{\"tag_id\":68,\"tag_name\":\"鬼畜\",\"count\":{\"atten\":2283080}},\"dislike_reasons\":[{\"reason_id\":4,\"reason_name\":\"UP主:无言DW\"},{\"reason_id\":2,\"reason_name\":\"分区:人力VOCALOID\"},{\"reason_id\":3,\"reason_name\":\"标签:鬼畜\"},{\"reason_id\":1,\"reason_name\":\"不感兴趣\"}],\"ctime\":1650101421,\"autoplay\":1,\"mid\":410407054,\"name\":\"无言DW\",\"face\":\"http://i1.hdslb.com/bfs/face/8cabfd1628a7198fc4a0ed2e3035513a56b482d5.jpg\"},{\"title\":\"【风笑试玩】我在废土开货车丨The Slaverian Trucker 试玩\",\"cover\":\"https://i2.hdslb.com/bfs/archive/6acf81eb118fe210ccf5f019c7f8b71e5b91e4db.jpg\",\"uri\":\"bilibili://video/810760422\",\"param\":\"810760422\",\"goto\":\"av\",\"desc\":\"2662弹幕\",\"play\":166965,\"danmaku\":2662,\"reply\":620,\"favorite\":2997,\"coin\":8451,\"share\":195,\"like\":17577,\"duration\":2289,\"idx\":1650525070,\"cid\":580263005,\"tid\":17,\"tname\":\"单机游戏\",\"tag\":{\"tag_id\":33450,\"tag_name\":\"独立游戏\",\"count\":{\"atten\":203213}},\"dislike_reasons\":[{\"reason_id\":4,\"reason_name\":\"UP主:逆风笑\"},{\"reason_id\":2,\"reason_name\":\"分区:单机游戏\"},{\"reason_id\":3,\"reason_name\":\"标签:独立游戏\"},{\"reason_id\":1,\"reason_name\":\"不感兴趣\"}],\"ctime\":1650448800,\"autoplay\":1,\"mid\":2019740,\"name\":\"逆风笑\",\"face\":\"http://i2.hdslb.com/bfs/face/a48752cb26f240dee39be2c86e0eec00013a5f5f.jpg\",\"official\":{\"role\":1,\"title\":\"bilibili 知名UP主\",\"desc\":\"代表作《gmod日常》\"},\"autoplay_card\":2},{\"title\":\"12.8MSI版本更新介绍：共18位英雄改动,AP卡莎全面调整!赛拉斯R只有30秒CD,EZ大招减少30秒CD,预计4.28号上线国服,敬请期待！\",\"cover\":\"https://i1.hdslb.com/bfs/archive/4487f71f00e5d903049401277e04d4cd01190d2b.jpg\",\"uri\":\"bilibili://video/383253573\",\"param\":\"383253573\",\"goto\":\"av\",\"desc\":\"3074弹幕\",\"play\":629284,\"danmaku\":3074,\"reply\":4550,\"favorite\":1390,\"coin\":2513,\"share\":5616,\"like\":14984,\"duration\":284,\"idx\":1650525069,\"cid\":580355659,\"tid\":171,\"tname\":\"电子竞技\",\"tag\":{\"tag_id\":9222,\"tag_name\":\"英雄联盟\",\"count\":{\"atten\":1618238}},\"dislike_reasons\":[{\"reason_id\":4,\"reason_name\":\"UP主:LOL小绿毛资讯\"},{\"reason_id\":2,\"reason_name\":\"分区:电子竞技\"},{\"reason_id\":3,\"reason_name\":\"标签:英雄联盟\"},{\"reason_id\":1,\"reason_name\":\"不感兴趣\"}],\"ctime\":1650404222,\"autoplay\":1,\"mid\":91254197,\"name\":\"LOL小绿毛资讯\",\"face\":\"http://i2.hdslb.com/bfs/face/9765898624628e04ad216c3823e2581252956408.jpg\",\"official\":{\"role\":1,\"title\":\"bilibili 知名游戏UP主\"}},{\"title\":\"《猫德学院劝退生》\",\"cover\":\"https://i0.hdslb.com/bfs/archive/26266ec27f98824c05c2e9ebf32f1a5f0c9d0e06.jpg\",\"uri\":\"bilibili://video/725686529\",\"param\":\"725686529\",\"goto\":\"av\",\"desc\":\"544弹幕\",\"play\":879626,\"danmaku\":544,\"reply\":395,\"favorite\":3633,\"coin\":2854,\"share\":4105,\"like\":44041,\"duration\":188,\"idx\":1650525068,\"cid\":576701674,\"tid\":218,\"tname\":\"喵星人\",\"tag\":{\"tag_id\":6943,\"tag_name\":\"萌宠\",\"count\":{\"atten\":517105}},\"dislike_reasons\":[{\"reason_id\":4,\"reason_name\":\"UP主:龙馍馍\"},{\"reason_id\":2,\"reason_name\":\"分区:喵星人\"},{\"reason_id\":3,\"reason_name\":\"标签:萌宠\"},{\"reason_id\":1,\"reason_name\":\"不感兴趣\"}],\"ctime\":1650065400,\"autoplay\":1,\"mid\":11164088,\"name\":\"龙馍馍\",\"face\":\"http://i2.hdslb.com/bfs/face/1a3ac52acedf6c8ed489be4f1acd17e122ba825b.jpg\",\"official\":{\"role\":1,\"title\":\"bilibili 知名萌宠UP主\"}},{\"title\":\"起飞！\",\"cover\":\"https://i0.hdslb.com/bfs/archive/91d4e4c9e4ffba95baf19e24e128ca8b62020bdc.jpg\",\"uri\":\"bilibili://video/213313668\",\"param\":\"213313668\",\"goto\":\"av\",\"desc\":\"245弹幕\",\"play\":682591,\"danmaku\":245,\"reply\":512,\"favorite\":1364,\"coin\":829,\"share\":771,\"like\":51266,\"duration\":61,\"idx\":1650525067,\"cid\":580001276,\"tid\":85,\"tname\":\"短片\",\"tag\":{\"tag_id\":857,\"tag_name\":\"短片\",\"count\":{\"atten\":219878}},\"dislike_reasons\":[{\"reason_id\":4,\"reason_name\":\"UP主:圆脸颖入职记\"},{\"reason_id\":2,\"reason_name\":\"分区:短片\"},{\"reason_id\":3,\"reason_name\":\"标签:短片\"},{\"reason_id\":1,\"reason_name\":\"不感兴趣\"}],\"ctime\":1650365070,\"autoplay\":1,\"mid\":1827922782,\"name\":\"圆脸颖入职记\",\"face\":\"http://i0.hdslb.com/bfs/face/5e5378bca9a1542f6289f7b3443423f036969aa0.jpg\",\"official\":{\"role\":2,\"title\":\"圆脸颖入职记官方账号\"}},{\"title\":\"罗车之辩第三轮！犀利反驳“人不如鹦鹉”论，车浩教授手中的教义学之剑与逻辑之盾\",\"cover\":\"https://i0.hdslb.com/bfs/archive/5fd406f55487db1752bd24ffa37295cd5126543e.jpg\",\"uri\":\"bilibili://video/853258330\",\"param\":\"853258330\",\"goto\":\"av\",\"desc\":\"4619弹幕\",\"play\":101558,\"danmaku\":4619,\"reply\":1804,\"favorite\":3748,\"coin\":12140,\"share\":1789,\"like\":14951,\"duration\":1420,\"idx\":1650525066,\"cid\":581173685,\"tid\":124,\"tname\":\"社科·法律·心理\",\"tag\":{\"tag_id\":3974016,\"tag_name\":\"陈兴良\",\"count\":{\"atten\":57}},\"dislike_reasons\":[{\"reason_id\":4,\"reason_name\":\"UP主:法山叔\"},{\"reason_id\":2,\"reason_name\":\"分区:社科·法律·心理\"},{\"reason_id\":3,\"reason_name\":\"标签:陈兴良\"},{\"reason_id\":1,\"reason_name\":\"不感兴趣\"}],\"ctime\":1650513629,\"autoplay\":1,\"mid\":369287008,\"name\":\"法山叔\",\"face\":\"http://i1.hdslb.com/bfs/face/e8104677622a908741baeeb8c4e926d83c310b8e.jpg\",\"official\":{\"role\":2,\"title\":\"律师法山叔\",\"desc\":\"《进击的律师》作者，《案中观察》主持人\"}},{\"title\":\"谭谈交通完整精华版！让你从头笑到尾\",\"cover\":\"https://i0.hdslb.com/bfs/archive/1d908051954fbcf920ec84d2b4d1ac71b6c6d6df.jpg\",\"uri\":\"bilibili://video/425760360\",\"param\":\"425760360\",\"goto\":\"av\",\"desc\":\"2357弹幕\",\"play\":180350,\"danmaku\":2357,\"reply\":265,\"favorite\":5473,\"coin\":3922,\"share\":2287,\"like\":7037,\"duration\":2533,\"idx\":1650525065,\"cid\":578209481,\"tid\":138,\"tname\":\"搞笑\",\"tag\":{\"tag_id\":7729,\"tag_name\":\"高能\",\"count\":{\"atten\":163384}},\"dislike_reasons\":[{\"reason_id\":4,\"reason_name\":\"UP主:俊孩玄晔\"},{\"reason_id\":2,\"reason_name\":\"分区:搞笑\"},{\"reason_id\":3,\"reason_name\":\"标签:高能\"},{\"reason_id\":1,\"reason_name\":\"不感兴趣\"}],\"ctime\":1650181490,\"autoplay\":1,\"mid\":87414963,\"name\":\"俊孩玄晔\",\"face\":\"http://i0.hdslb.com/bfs/face/b17f87850473bf7488b84a16a52853b457b56019.jpg\",\"official\":{\"role\":1,\"title\":\"bilibili 知名UP主\"}},{\"title\":\"横跨三个世纪的怪诞史诗，锈湖讲了一个什么故事？【岛游07-锈湖（下）】\",\"cover\":\"https://i0.hdslb.com/bfs/archive/e6059cd9f89cdb884b2da1a48ab63de5c121270a.jpg\",\"uri\":\"bilibili://video/595841332\",\"param\":\"595841332\",\"goto\":\"av\",\"desc\":\"3378弹幕\",\"play\":617035,\"danmaku\":3378,\"reply\":2022,\"favorite\":26254,\"coin\":45252,\"share\":2777,\"like\":51108,\"duration\":2542,\"idx\":1650525064,\"cid\":579170360,\"tid\":17,\"tname\":\"单机游戏\",\"tag\":{\"tag_id\":33450,\"tag_name\":\"独立游戏\",\"count\":{\"atten\":203213}},\"dislike_reasons\":[{\"reason_id\":4,\"reason_name\":\"UP主:酒岛的Edy\"},{\"reason_id\":2,\"reason_name\":\"分区:单机游戏\"},{\"reason_id\":3,\"reason_name\":\"标签:独立游戏\"},{\"reason_id\":1,\"reason_name\":\"不感兴趣\"}],\"ctime\":1650275988,\"autoplay\":1,\"mid\":495261041,\"name\":\"酒岛的Edy\",\"face\":\"http://i2.hdslb.com/bfs/face/e1cc09ac0ece9f665c88c68915515cf339203e86.jpg\"},{\"title\":\"⚡听我说谢谢你是吧？！⚡\",\"cover\":\"https://i1.hdslb.com/bfs/archive/b9a3c11d80b6be395fc8e443923349a2cea27b98.jpg\",\"uri\":\"bilibili://video/810760416\",\"param\":\"810760416\",\"goto\":\"av\",\"desc\":\"410弹幕\",\"play\":159313,\"danmaku\":410,\"reply\":382,\"favorite\":3129,\"coin\":3507,\"share\":1230,\"like\":15856,\"duration\":139,\"idx\":1650525063,\"cid\":580090275,\"tid\":126,\"tname\":\"人力VOCALOID\",\"tag\":{\"tag_id\":68,\"tag_name\":\"鬼畜\",\"count\":{\"atten\":2283080}},\"dislike_reasons\":[{\"reason_id\":4,\"reason_name\":\"UP主:潮汕好男人\"},{\"reason_id\":2,\"reason_name\":\"分区:人力VOCALOID\"},{\"reason_id\":3,\"reason_name\":\"标签:鬼畜\"},{\"reason_id\":1,\"reason_name\":\"不感兴趣\"}],\"ctime\":1650371592,\"autoplay\":1,\"mid\":19071708,\"name\":\"潮汕好男人\",\"face\":\"http://i0.hdslb.com/bfs/face/2a4c1b3c2d8f48a58c5f818287c90a6ea78d7907.jpg\",\"official\":{\"role\":1,\"title\":\"bilibili 2019百大UP主、知名UP主\"}},{\"title\":\"这张照片里，随便挑一个，都可能杀过十几二十个敌人\",\"cover\":\"https://i1.hdslb.com/bfs/archive/b86f1d8bfb68345c844e6c84f71470e3871e6c0f.jpg\",\"uri\":\"bilibili://video/298256247\",\"param\":\"298256247\",\"goto\":\"av\",\"desc\":\"941弹幕\",\"play\":811542,\"danmaku\":941,\"reply\":710,\"favorite\":4298,\"coin\":6355,\"share\":362,\"like\":76723,\"duration\":122,\"idx\":1650525062,\"cid\":579982257,\"tid\":228,\"tname\":\"人文历史\",\"tag\":{\"tag_id\":10511051,\"tag_name\":\"打卡挑战\",\"count\":{\"atten\":13537}},\"dislike_reasons\":[{\"reason_id\":4,\"reason_name\":\"UP主:了不起De中国人\"},{\"reason_id\":2,\"reason_name\":\"分区:人文历史\"},{\"reason_id\":3,\"reason_name\":\"标签:打卡挑战\"},{\"reason_id\":1,\"reason_name\":\"不感兴趣\"}],\"ctime\":1650364618,\"autoplay\":1,\"mid\":404194769,\"name\":\"了不起De中国人\",\"face\":\"http://i2.hdslb.com/bfs/face/1b1f8ef7427502ead39a9af2498c9616c6c164ff.jpg\",\"official\":{\"role\":1,\"title\":\"bilibili 知名UP主\"}},{\"title\":\"不 看 右 边 挑 战 ！🔥地狱难度🔥\",\"cover\":\"https://i0.hdslb.com/bfs/archive/f8fc3f0238fdafe25ac048dbb9cc9c22484c894d.jpg\",\"uri\":\"bilibili://video/213298415\",\"param\":\"213298415\",\"goto\":\"av\",\"desc\":\"421弹幕\",\"play\":113371,\"danmaku\":421,\"reply\":410,\"favorite\":2882,\"coin\":2201,\"share\":102,\"like\":9831,\"duration\":90,\"idx\":1650525061,\"cid\":580647963,\"tid\":199,\"tname\":\"明星舞蹈\",\"tag\":{\"tag_id\":6012204,\"tag_name\":\"明星舞蹈\",\"count\":{\"atten\":215404}},\"dislike_reasons\":[{\"reason_id\":4,\"reason_name\":\"UP主:伢伢gagako\"},{\"reason_id\":2,\"reason_name\":\"分区:明星舞蹈\"},{\"reason_id\":3,\"reason_name\":\"标签:明星舞蹈\"},{\"reason_id\":1,\"reason_name\":\"不感兴趣\"}],\"ctime\":1650513600,\"autoplay\":1,\"mid\":632887,\"name\":\"伢伢gagako\",\"face\":\"http://i1.hdslb.com/bfs/face/38d85946c9cd0cf159e4d646be63fad36c2486c1.jpg\",\"official\":{\"role\":1,\"title\":\"bilibili 知名舞蹈UP主\"}}]","manualFreshCount":"n1","pageLimit":"n20","rankingType":"s1"}}