{"options":{"check_for_updates":false,"comment":null,"compat_foreach":false,"compat_metadata":false,"compat_powerful_this":null,"compat_prototypes":false,"compat_wrappedjsobject":false,"compatopts_for_requires":true,"noframes":null,"override":{"merge_connects":true,"merge_excludes":true,"merge_includes":true,"merge_matches":true,"orig_connects":[],"orig_excludes":[],"orig_includes":[],"orig_matches":["https://www.bilibili.com/bangumi/play/*"],"orig_noframes":null,"orig_run_at":"document-start","use_blockers":[],"use_connects":[],"use_excludes":[],"use_includes":[],"use_matches":[]},"run_at":null,"tab_types":null,"unwrap":null},"settings":{"enabled":true,"position":11},"meta":{"name":"B站番剧字幕翻译(繁转简)","uuid":"c5e50949-9769-4447-9b24-1b7b9e9d508e","modified":1650007982411,"file_url":"https://greasyfork.org/scripts/430992-b%E7%AB%99%E7%95%AA%E5%89%A7%E5%AD%97%E5%B9%95%E7%BF%BB%E8%AF%91-%E7%B9%81%E8%BD%AC%E7%AE%80/code/B%E7%AB%99%E7%95%AA%E5%89%A7%E5%AD%97%E5%B9%95%E7%BF%BB%E8%AF%91(%E7%B9%81%E8%BD%AC%E7%AE%80).user.js"}}