{"ts":1650384073220,"data":{"字幕大小":"n37","字幕底边距":"s-12","字幕样式":"sfont-weight: bold;  -webkit-text-stroke: 1px #000;\n    filter:     \n        drop-shadow(0 0 0.25px black) drop-shadow(0 0 0.25px black)\n        drop-shadow(0 0 0.25px black) drop-shadow(0 0 0.25px black)\n        drop-shadow(0 0 0.25px black) drop-shadow(0 0 0.25px black)\n        drop-shadow(0 0 0.25px black) drop-shadow(0 0 0.25px black) ;\n font-family:\"Microsoft YaHei\",\"微软雅黑\",Helvetica,Tahoma,Arial,STXihei,sans-serif;","更新":"s1"}}