{"options":{"check_for_updates":true,"comment":null,"compat_foreach":false,"compat_metadata":false,"compat_powerful_this":null,"compat_prototypes":false,"compat_wrappedjsobject":false,"compatopts_for_requires":true,"noframes":null,"override":{"merge_connects":true,"merge_excludes":true,"merge_includes":true,"merge_matches":true,"orig_connects":[],"orig_excludes":[],"orig_includes":["/https?:\\/\\/(bgm\\.tv|bangumi\\.tv|chii\\.in).*/"],"orig_matches":[],"orig_noframes":null,"orig_run_at":"document-idle","use_blockers":[],"use_connects":[],"use_excludes":[],"use_includes":[],"use_matches":[]},"run_at":null,"tab_types":null,"unwrap":null},"settings":{"enabled":true,"position":16},"meta":{"name":"增加“多标签搜索按钮”","uuid":"6ab5fbd1-46eb-4ea6-86d9-921eb111610f","modified":1649948184686,"file_url":"https://greasyfork.org/scripts/34999-%E5%A2%9E%E5%8A%A0-%E5%A4%9A%E6%A0%87%E7%AD%BE%E6%90%9C%E7%B4%A2%E6%8C%89%E9%92%AE/code/%E5%A2%9E%E5%8A%A0%E2%80%9C%E5%A4%9A%E6%A0%87%E7%AD%BE%E6%90%9C%E7%B4%A2%E6%8C%89%E9%92%AE%E2%80%9D.user.js"}}