{"options":{"check_for_updates":true,"comment":null,"compat_foreach":false,"compat_metadata":false,"compat_powerful_this":null,"compat_prototypes":false,"compat_wrappedjsobject":false,"compatopts_for_requires":true,"noframes":null,"override":{"merge_connects":true,"merge_excludes":true,"merge_includes":true,"merge_matches":true,"orig_connects":["api.zhihu.com"],"orig_excludes":[],"orig_includes":[],"orig_matches":["*://*.zhihu.com/*"],"orig_noframes":null,"orig_run_at":"document-start","use_blockers":[],"use_connects":[],"use_excludes":[],"use_includes":[],"use_matches":[]},"run_at":null,"tab_types":null,"unwrap":null},"settings":{"enabled":true,"position":9},"meta":{"name":"知乎免登录","uuid":"d7bd4743-5bfb-4b82-ba4b-07c73da4786c","modified":1649610369702,"file_url":"https://greasyfork.org/scripts/396171-%E7%9F%A5%E4%B9%8E%E5%85%8D%E7%99%BB%E5%BD%95/code/%E7%9F%A5%E4%B9%8E%E5%85%8D%E7%99%BB%E5%BD%95.user.js"}}