{"options":{"check_for_updates":true,"comment":null,"compat_foreach":false,"compat_metadata":false,"compat_powerful_this":null,"compat_prototypes":false,"compat_wrappedjsobject":false,"compatopts_for_requires":true,"noframes":null,"override":{"merge_connects":true,"merge_excludes":true,"merge_includes":true,"merge_matches":true,"orig_connects":[],"orig_excludes":[],"orig_includes":[],"orig_matches":["*://*.jianshu.com/*","*://blog.csdn.net/*","*://ask.csdn.net/questions/*","*://*.it1352.com/*","*://www.zhihu.com/question/*","*://jingyan.baidu.com/article*","*://zhidao.baidu.com/question*","*://tieba.baidu.com/p*","*://wenku.baidu.com/view/*","*://baijiahao.baidu.com/s*","*://mbd.baidu.com/newspage/data/*","*://news.baidu.com/news*","*://m.baidu.com/sf_baijiahao/*","*://*.sina.cn/*","*://3g.163.com/*","*://m.sohu.com/a/*","*://xw.qq.com/*","*://*.ifeng.com/c/*","*://m.thepaper.cn/newsDetail_forward*","*://m.bjnews.com.cn/detail/*","*://world.huanqiu.com/article/*","*://3g.dxy.cn/*","*://www.bilibili.com/read/mobile*","*://www.oschina.net/p/*"],"orig_noframes":null,"orig_run_at":"document-body","use_blockers":[],"use_connects":[],"use_excludes":[],"use_includes":[],"use_matches":[]},"run_at":null,"tab_types":null,"unwrap":null},"settings":{"enabled":true,"position":6},"meta":{"name":"自动展开","uuid":"cd9f50a0-e164-4829-89f0-846184eb9e58","modified":1650352475601,"file_url":"https://greasyfork.org/scripts/438656-%E8%87%AA%E5%8A%A8%E5%B1%95%E5%BC%80/code/%E8%87%AA%E5%8A%A8%E5%B1%95%E5%BC%80.user.js"}}