{"ts":1649997741635,"data":{"LastUpdate":"n1649997739476","LastValue":"uundefined","{\"type\":\"domain\",\"url\":\"699pic.com\"}":"btrue","{\"type\":\"domain\",\"url\":\"b.faloo.com\"}":"btrue","{\"type\":\"domain\",\"url\":\"bbs.mihoyo.com\"}":"btrue","{\"type\":\"domain\",\"url\":\"blog.csdn.net\"}":"btrue","{\"type\":\"domain\",\"url\":\"boke112.com\"}":"btrue","{\"type\":\"domain\",\"url\":\"book.zhulang.com\"}":"btrue","{\"type\":\"domain\",\"url\":\"book.zongheng.com\"}":"btrue","{\"type\":\"domain\",\"url\":\"businessnews.in\"}":"btrue","{\"type\":\"domain\",\"url\":\"c315.cn\"}":"btrue","{\"type\":\"domain\",\"url\":\"doc.mbalib.com\"}":"btrue","{\"type\":\"domain\",\"url\":\"dushu.qq.com\"}":"btrue","{\"type\":\"domain\",\"url\":\"iwrite.unipus.cn\"}":"btrue","{\"type\":\"domain\",\"url\":\"juejin.cn\"}":"btrue","{\"type\":\"domain\",\"url\":\"leetcode-cn.com\"}":"btrue","{\"type\":\"domain\",\"url\":\"m.cspengbo.com\"}":"btrue","{\"type\":\"domain\",\"url\":\"m.fanwenda.com\"}":"btrue","{\"type\":\"domain\",\"url\":\"m.oh100.com\"}":"btrue","{\"type\":\"domain\",\"url\":\"m.qidian.com\"}":"btrue","{\"type\":\"domain\",\"url\":\"m.ruiwen.com\"}":"btrue","{\"type\":\"domain\",\"url\":\"masuit.com\"}":"btrue","{\"type\":\"domain\",\"url\":\"mip.ruiwen.com\"}":"btrue","{\"type\":\"domain\",\"url\":\"njjzxl.net\"}":"btrue","{\"type\":\"domain\",\"url\":\"pb2.jiayongluyou.com\"}":"btrue","{\"type\":\"domain\",\"url\":\"pigai.org\"}":"btrue","{\"type\":\"domain\",\"url\":\"qiangwaikan.com\"}":"btrue","{\"type\":\"domain\",\"url\":\"read.qidian.com\"}":"btrue","{\"type\":\"domain\",\"url\":\"segmentfault.com\"}":"btrue","{\"type\":\"domain\",\"url\":\"shushan.zhangyue.net\"}":"btrue","{\"type\":\"domain\",\"url\":\"time.geekbang.org\"}":"btrue","{\"type\":\"domain\",\"url\":\"utaten.com\"}":"btrue","{\"type\":\"domain\",\"url\":\"wenku.baidu.com\"}":"btrue","{\"type\":\"domain\",\"url\":\"weread.qq.com\"}":"btrue","{\"type\":\"domain\",\"url\":\"wiki.mbalib.com\"}":"btrue","{\"type\":\"domain\",\"url\":\"www.12315.cn\"}":"btrue","{\"type\":\"domain\",\"url\":\"www.17k.com\"}":"btrue","{\"type\":\"domain\",\"url\":\"www.360doc.com\"}":"btrue","{\"type\":\"domain\",\"url\":\"www.51test.net\"}":"btrue","{\"type\":\"domain\",\"url\":\"www.7fyd.com\"}":"btrue","{\"type\":\"domain\",\"url\":\"www.850500.com\"}":"btrue","{\"type\":\"domain\",\"url\":\"www.ahsrst.cn\"}":"btrue","{\"type\":\"domain\",\"url\":\"www.aicesu.cn\"}":"btrue","{\"type\":\"domain\",\"url\":\"www.aiyuke.com\"}":"btrue","{\"type\":\"domain\",\"url\":\"www.boce.cn\"}":"btrue","{\"type\":\"domain\",\"url\":\"www.ciweimao.com\"}":"btrue","{\"type\":\"domain\",\"url\":\"www.cnitpm.com\"}":"btrue","{\"type\":\"domain\",\"url\":\"www.commandlinux.com\"}":"btrue","{\"type\":\"domain\",\"url\":\"www.cspengbo.com\"}":"btrue","{\"type\":\"domain\",\"url\":\"www.diyifanwen.com\"}":"btrue","{\"type\":\"domain\",\"url\":\"www.duanmeiwen.com\"}":"btrue","{\"type\":\"domain\",\"url\":\"www.ehuixue.cn\"}":"btrue","{\"type\":\"domain\",\"url\":\"www.fanfiction.net\"}":"btrue","{\"type\":\"domain\",\"url\":\"www.fanwenda.com\"}":"btrue","{\"type\":\"domain\",\"url\":\"www.flickr.com\"}":"btrue","{\"type\":\"domain\",\"url\":\"www.fwsir.com\"}":"btrue","{\"type\":\"domain\",\"url\":\"www.hongxiu.com\"}":"btrue","{\"type\":\"domain\",\"url\":\"www.jianbiaoku.com\"}":"btrue","{\"type\":\"domain\",\"url\":\"www.jianshu.com\"}":"btrue","{\"type\":\"domain\",\"url\":\"www.jiayongluyou.com\"}":"btrue","{\"type\":\"domain\",\"url\":\"www.kejudati.com\"}":"btrue","{\"type\":\"domain\",\"url\":\"www.kt250.com\"}":"btrue","{\"type\":\"domain\",\"url\":\"www.leeyiding.com\"}":"btrue","{\"type\":\"domain\",\"url\":\"www.liuxue86.com\"}":"btrue","{\"type\":\"domain\",\"url\":\"www.logonews.cn\"}":"btrue","{\"type\":\"domain\",\"url\":\"www.lovehtbooks.com\"}":"btrue","{\"type\":\"domain\",\"url\":\"www.luyouwang.net\"}":"btrue","{\"type\":\"domain\",\"url\":\"www.nowcoder.com\"}":"btrue","{\"type\":\"domain\",\"url\":\"www.oh100.com\"}":"btrue","{\"type\":\"domain\",\"url\":\"www.oschina.net\"}":"btrue","{\"type\":\"domain\",\"url\":\"www.peekme.cc\"}":"btrue","{\"type\":\"domain\",\"url\":\"www.readnovel.com\"}":"btrue","{\"type\":\"domain\",\"url\":\"www.ruiwen.com\"}":"btrue","{\"type\":\"domain\",\"url\":\"www.shumilou.com\"}":"btrue","{\"type\":\"domain\",\"url\":\"www.tadu.com\"}":"btrue","{\"type\":\"domain\",\"url\":\"www.tcm999.cn\"}":"btrue","{\"type\":\"domain\",\"url\":\"www.uemeds.cn\"}":"btrue","{\"type\":\"domain\",\"url\":\"www.uihtm.com\"}":"btrue","{\"type\":\"domain\",\"url\":\"www.uslsoftware.com\"}":"btrue","{\"type\":\"domain\",\"url\":\"www.v1tx.com\"}":"btrue","{\"type\":\"domain\",\"url\":\"www.wpchen.net\"}":"btrue","{\"type\":\"domain\",\"url\":\"www.x23qb.net\"}":"btrue","{\"type\":\"domain\",\"url\":\"www.xiegw.cn\"}":"btrue","{\"type\":\"domain\",\"url\":\"www.xuexi.la\"}":"btrue","{\"type\":\"domain\",\"url\":\"www.xuexila.com\"}":"btrue","{\"type\":\"domain\",\"url\":\"www.yamibo.com\"}":"btrue","{\"type\":\"domain\",\"url\":\"www.yjbys.com\"}":"btrue","{\"type\":\"domain\",\"url\":\"www.yuque.com\"}":"btrue","{\"type\":\"domain\",\"url\":\"www.zgywyd.cn\"}":"btrue","{\"type\":\"domain\",\"url\":\"www.zhihu.com\"}":"btrue","{\"type\":\"domain\",\"url\":\"wx.zsxq.com\"}":"btrue","{\"type\":\"domain\",\"url\":\"yc.ireader.com.cn\"}":"btrue","{\"type\":\"domain\",\"url\":\"z.30edu.com.cn\"}":"btrue","{\"type\":\"domain\",\"url\":\"zh.moegirl.org.cn\"}":"btrue","{\"type\":\"domain\",\"url\":\"zhidao.baidu.com\"}":"btrue","{\"type\":\"domain\",\"url\":\"zhinan.sogou.com\"}":"btrue","{\"type\":\"link\",\"url\":\"https://auth.alipay.com/login/index.htm\"}":"btrue","{\"type\":\"linkPrefix\",\"url\":\"http://www.imooc.com/article/\"}":"btrue","{\"type\":\"linkPrefix\",\"url\":\"https://www.bilibili.com/read/\"}":"btrue","{\"type\":\"regex\",\"url\":\".*\\\\.cnki\\\\.net.*/.*/Detail\"}":"btrue","{\"type\":\"regex\",\"url\":\".*\\\\.pixnet\\\\.net\"}":"btrue"}}