{"options":{"check_for_updates":true,"comment":null,"compat_foreach":false,"compat_metadata":false,"compat_powerful_this":null,"compat_prototypes":false,"compat_wrappedjsobject":false,"compatopts_for_requires":true,"noframes":null,"override":{"merge_connects":true,"merge_excludes":true,"merge_includes":true,"merge_matches":true,"orig_connects":["userjs.rxliuli.com"],"orig_excludes":[],"orig_includes":["*"],"orig_matches":[],"orig_noframes":null,"orig_run_at":"document-start","use_blockers":[],"use_connects":[],"use_excludes":[],"use_includes":[],"use_matches":[]},"run_at":null,"tab_types":null,"unwrap":null},"settings":{"enabled":false,"position":8},"meta":{"name":"解除网页限制","uuid":"1ab2b619-3772-41f7-b266-f00834a4addb","modified":1649608747581,"file_url":"https://greasyfork.org/scripts/391193-%E8%A7%A3%E9%99%A4%E7%BD%91%E9%A1%B5%E9%99%90%E5%88%B6/code/%E8%A7%A3%E9%99%A4%E7%BD%91%E9%A1%B5%E9%99%90%E5%88%B6.user.js"}}