{"options":{"check_for_updates":true,"comment":null,"compat_foreach":false,"compat_metadata":false,"compat_powerful_this":null,"compat_prototypes":false,"compat_wrappedjsobject":false,"compatopts_for_requires":true,"noframes":null,"override":{"merge_connects":true,"merge_excludes":true,"merge_includes":true,"merge_matches":true,"orig_connects":[],"orig_excludes":["*://www.kdocs.cn/p/*","*://docs.google.com/document/d/*","*://www.notion.so/*","*://www.wolai.com/*","*://yiqixie.qingque.cn/d/home/*","*://www.yuque.com/*/edit","*://*.cqaso.com/*","*://xiezuocat.com/#/doc/*","*://mail.*"],"orig_includes":["*"],"orig_matches":[],"orig_noframes":true,"orig_run_at":"document-body","use_blockers":[],"use_connects":[],"use_excludes":[],"use_includes":[],"use_matches":[]},"run_at":null,"tab_types":null,"unwrap":null},"settings":{"enabled":true,"position":3},"meta":{"name":"链接助手","uuid":"f49e2e01-1df5-4c4e-89cf-041af91b67f3","modified":1645674271349,"file_url":"https://greasyfork.org/scripts/422773-%E9%93%BE%E6%8E%A5%E5%8A%A9%E6%89%8B/code/%E9%93%BE%E6%8E%A5%E5%8A%A9%E6%89%8B.user.js"}}